alt_files,brand,eans,file_urls,files,model,model_2,product,product_lang,product_parent,scrapfly,source,thumb,type,url,video
,Einhell,,https://assets.einhell.com/manuals-pdf/900_367151/ht-1300-hochdruck.pdf,,HT 1300 HOCHDRUCK-,,High Pressure Cleaner,en,High Pressure Cleaners,,ics-gmbh.com,https://assets.einhell.com/im/imf/800/900_347067/,Instructions,https://www.isc-gmbh.info/isc_de_en/spareparts/cleaning-car-accessories/high-pressure-cleaners/ht-1300-hochdruck.html,
,Einhell Blue,,"https://assets.einhell.com/manuals-pdf/900_194348/bt-sd-3%2C6-2-li.pdf,https://assets.einhell.com/manuals-pdf/900_196370/bt-sd-3%2C6-2-li.pdf,https://assets.einhell.com/manuals-pdf/900_196373/bt-sd-3%2C6-2-li.pdf,https://assets.einhell.com/manuals-pdf/900_196372/bt-sd-3%2C6-2-li.pdf,https://assets.einhell.com/manuals-pdf/900_196371/bt-sd-3%2C6-2-li.pdf",,"BT-SD 3,6/2 Li",,Cordless Screwdriver,en,,,ics-gmbh.com,https://assets.einhell.com/im/imf/800/900_184457/,Instructions,https://www.isc-gmbh.info/isc_de_en/spareparts/tools/screwdriver/cordless-screwdriver/bt-sd-3-6-2-li.html,
,Einhell,,"https://assets.einhell.com/manuals-pdf/900_197611/split-2500-eq-c-h.pdf,https://assets.einhell.com/manuals-pdf/900_197607/split-2500-eq-c-h.pdf,https://assets.einhell.com/manuals-pdf/900_197614/split-2500-eq-c-h.pdf,https://assets.einhell.com/manuals-pdf/900_197606/split-2500-eq-c-h.pdf,https://assets.einhell.com/manuals-pdf/900_197613/split-2500-eq-c-h.pdf,https://assets.einhell.com/manuals-pdf/900_197612/split-2500-eq-c-h.pdf,https://assets.einhell.com/manuals-pdf/900_197608/split-2500-eq-c-h.pdf,https://assets.einhell.com/manuals-pdf/900_197610/split-2500-eq-c-h.pdf,https://assets.einhell.com/manuals-pdf/900_197609/split-2500-eq-c-h.pdf",,Split 2500 EQ C+H,,Split Air Conditioner,en,Air conditioner,,ics-gmbh.com,https://assets.einhell.com/im/imf/800/900_183238/,Instructions,https://www.isc-gmbh.info/isc_de_en/spareparts/heating/air-conditioner/split-2500-eq-c-h.html,
,Global (for Zgonc),,"https://assets.einhell.com/manuals-pdf/900_177590/dhg-510-global.pdf,https://assets.einhell.com/manuals-pdf/900_177591/dhg-510-global.pdf",,DHG 510 GLOBAL,,Hot Air Generator (Diesel),en,Diesel Heaters,,ics-gmbh.com,https://assets.einhell.com/im/imf/800/900_2477/,Instructions,https://www.isc-gmbh.info/isc_de_en/spareparts/heating/diesel-heaters/dhg-510-global.html,
,Einhell Grey,,"https://assets.einhell.com/manuals-pdf/900_361037/power-x-c-18v-1%2C5ah%3B-ex%3B-arg.pdf,https://assets.einhell.com/manuals-pdf/900_361038/power-x-c-18v-1%2C5ah%3B-ex%3B-arg.pdf",,"Power-X-C. 18V 1,5Ah; EX; ARG",,Battery,en,,,ics-gmbh.com,https://assets.einhell.com/im/imf/800/900_361339/,Instructions,https://www.isc-gmbh.info/isc_de_en/accessories/car-accessories/battery/power-x-c-18v-1-5ah-ex-arg.html,
,Global (for Zgonc),,"https://assets.einhell.com/manuals-pdf/900_177586/dhg-360-global.pdf,https://assets.einhell.com/manuals-pdf/900_177587/dhg-360-global.pdf",,DHG 360 GLOBAL,,Hot Air Generator (Diesel),en,Diesel Heaters,,ics-gmbh.com,https://assets.einhell.com/im/imf/800/900_2473/,Instructions,https://www.isc-gmbh.info/isc_de_en/spareparts/heating/diesel-heaters/dhg-360-global.html,
,Einhell,,"https://assets.einhell.com/manuals-pdf/900_366391/ska-2500-dual-c-h.pdf,https://assets.einhell.com/manuals-pdf/900_366396/ska-2500-dual-c-h.pdf,https://assets.einhell.com/manuals-pdf/900_366399/ska-2500-dual-c-h.pdf,https://assets.einhell.com/manuals-pdf/900_366395/ska-2500-dual-c-h.pdf,https://assets.einhell.com/manuals-pdf/900_366394/ska-2500-dual-c-h.pdf,https://assets.einhell.com/manuals-pdf/900_366402/ska-2500-dual-c-h.pdf,https://assets.einhell.com/manuals-pdf/900_366400/ska-2500-dual-c-h.pdf,https://assets.einhell.com/manuals-pdf/900_366397/ska-2500-dual-c-h.pdf,https://assets.einhell.com/manuals-pdf/900_366398/ska-2500-dual-c-h.pdf,https://assets.einhell.com/manuals-pdf/900_366401/ska-2500-dual-c-h.pdf",,SKA 2500 Dual C+H,,Split Air Conditioner,en,Air conditioner,,ics-gmbh.com,https://assets.einhell.com/im/imf/800/900_344808/,Instructions,https://www.isc-gmbh.info/isc_de_en/spareparts/heating/air-conditioner/ska-2500-dual-c-h.html,
,Einhell,,https://assets.einhell.com/manuals-pdf/900_366393/ska-5000-c-h.pdf,,SKA 5000 C+H,,Split Air Conditioner,en,Air conditioner,,ics-gmbh.com,https://assets.einhell.com/im/imf/800/900_344806/,Instructions,https://www.isc-gmbh.info/isc_de_en/spareparts/heating/air-conditioner/ska-5000-c-h.html,
,Einhell,,"https://assets.einhell.com/manuals-pdf/900_364472/ska-3500-c-h.pdf,https://assets.einhell.com/manuals-pdf/900_364473/ska-3500-c-h.pdf,https://assets.einhell.com/manuals-pdf/900_364474/ska-3500-c-h.pdf,https://assets.einhell.com/manuals-pdf/900_364475/ska-3500-c-h.pdf,https://assets.einhell.com/manuals-pdf/900_365619/ska-3500-c-h.pdf,https://assets.einhell.com/manuals-pdf/900_368505/ska-3500-c-h.pdf,https://assets.einhell.com/manuals-pdf/900_368504/ska-3500-c-h.pdf,https://assets.einhell.com/manuals-pdf/900_366376/ska-3500-c-h.pdf,https://assets.einhell.com/manuals-pdf/900_366379/ska-3500-c-h.pdf,https://assets.einhell.com/manuals-pdf/900_366381/ska-3500-c-h.pdf",,SKA 3500 C+H,,Split Air Conditioner,en,Air conditioner,,ics-gmbh.com,https://assets.einhell.com/im/imf/800/900_344802/,Instructions,https://www.isc-gmbh.info/isc_de_en/spareparts/heating/air-conditioner/ska-3500-c-h.html,
,Einhell,,"https://assets.einhell.com/manuals-pdf/900_364466/ska-3502-c-h.pdf,https://assets.einhell.com/manuals-pdf/900_364469/ska-3502-c-h.pdf,https://assets.einhell.com/manuals-pdf/900_364470/ska-3502-c-h.pdf,https://assets.einhell.com/manuals-pdf/900_364471/ska-3502-c-h.pdf,https://assets.einhell.com/manuals-pdf/900_365041/ska-3502-c-h.pdf,https://assets.einhell.com/manuals-pdf/900_365614/ska-3502-c-h.pdf,https://assets.einhell.com/manuals-pdf/900_365617/ska-3502-c-h.pdf,https://assets.einhell.com/manuals-pdf/900_365618/ska-3502-c-h.pdf,https://assets.einhell.com/manuals-pdf/900_368501/ska-3502-c-h.pdf,https://assets.einhell.com/manuals-pdf/900_368502/ska-3502-c-h.pdf,https://assets.einhell.com/manuals-pdf/900_368503/ska-3502-c-h.pdf,https://assets.einhell.com/manuals-pdf/900_368951/ska-3502-c-h.pdf,https://assets.einhell.com/manuals-pdf/900_368952/ska-3502-c-h.pdf,https://assets.einhell.com/manuals-pdf/900_369251/ska-3502-c-h.pdf,https://assets.einhell.com/manuals-pdf/900_245884/ska-3502-c-h.pdf,https://assets.einhell.com/manuals-pdf/900_288459/ska-3502-c-h.pdf,https://assets.einhell.com/manuals-pdf/900_366375/ska-3502-c-h.pdf",,SKA 3502 C+H,,Split Air Conditioner,en,Air conditioner,,ics-gmbh.com,https://assets.einhell.com/im/imf/800/900_344795/,Instructions,https://www.isc-gmbh.info/isc_de_en/spareparts/heating/air-conditioner/ska-3502-c-h.html,
,Einhell,,https://assets.einhell.com/manuals-pdf/900_366328/mka-3500-e.pdf,,MKA 3500 E,,Portable Air Conditioner,en,Air conditioner,,ics-gmbh.com,https://assets.einhell.com/im/imf/800/900_344783/,Instructions,https://www.isc-gmbh.info/isc_de_en/spareparts/heating/air-conditioner/mka-3500-e.html,
,Einhell,,https://assets.einhell.com/manuals-pdf/900_363180/ka-s-2500-%22bauhaus%22.pdf,,"KA-S 2500 ""BAUHAUS""",,Split Air Conditioner,en,Air conditioner,,ics-gmbh.com,https://assets.einhell.com/im/imf/800/900_347067/,Instructions,https://www.isc-gmbh.info/isc_de_en/spareparts/heating/air-conditioner/ka-s-2500-bauhaus.html,
,Einhell,,"https://assets.einhell.com/manuals-pdf/900_366377/msk-3000.pdf,https://assets.einhell.com/manuals-pdf/900_366378/msk-3000.pdf",,MSK 3000,,Portable Air Conditioner,en,Air conditioner,,ics-gmbh.com,https://assets.einhell.com/im/imf/800/900_347067/,Instructions,https://www.isc-gmbh.info/isc_de_en/spareparts/heating/air-conditioner/msk-3000-1.html,
,Einhell,,https://assets.einhell.com/manuals-pdf/900_366329/ka-s-2500.pdf,,KA-S 2500,,Split Air Conditioner,en,Air conditioner,,ics-gmbh.com,https://assets.einhell.com/im/imf/800/900_347067/,Instructions,https://www.isc-gmbh.info/isc_de_en/spareparts/heating/air-conditioner/ka-s-2500-1.html,
,Einhell,,https://assets.einhell.com/manuals-pdf/900_366324/mka-2500.pdf,,MKA 2500,,Portable Air Conditioner,en,Air conditioner,,ics-gmbh.com,https://assets.einhell.com/im/imf/800/900_347067/,Instructions,https://www.isc-gmbh.info/isc_de_en/spareparts/heating/air-conditioner/mka-2500-1.html,
,Einhell,,"https://assets.einhell.com/manuals-pdf/900_364454/mka-3501-e.pdf,https://assets.einhell.com/manuals-pdf/900_365034/mka-3501-e.pdf,https://assets.einhell.com/manuals-pdf/900_365603/mka-3501-e.pdf,https://assets.einhell.com/manuals-pdf/900_368489/mka-3501-e.pdf,https://assets.einhell.com/manuals-pdf/900_366321/mka-3501-e.pdf",,MKA 3501 E,,Portable Air Conditioner,en,Air conditioner,,ics-gmbh.com,https://assets.einhell.com/im/imf/800/900_344775/,Instructions,https://www.isc-gmbh.info/isc_de_en/spareparts/heating/air-conditioner/mka-3501-e.html,
,Einhell,,"https://assets.einhell.com/manuals-pdf/900_177654/lk-75.pdf,https://assets.einhell.com/manuals-pdf/900_177651/lk-75.pdf,https://assets.einhell.com/manuals-pdf/900_177652/lk-75.pdf,https://assets.einhell.com/manuals-pdf/900_177653/lk-75.pdf",,LK 75,,Air Cooler,en,Air conditioner,,ics-gmbh.com,https://assets.einhell.com/im/imf/800/900_2534/,Instructions,https://www.isc-gmbh.info/isc_de_en/spareparts/heating/air-conditioner/lk-75-1.html,
,Einhell,,"https://assets.einhell.com/manuals-pdf/900_364463/mka-3002-m.pdf,https://assets.einhell.com/manuals-pdf/900_365043/mka-3002-m.pdf,https://assets.einhell.com/manuals-pdf/900_365610/mka-3002-m.pdf,https://assets.einhell.com/manuals-pdf/900_368496/mka-3002-m.pdf",,MKA 3002 M,,Portable Air Conditioner,en,Air conditioner,,ics-gmbh.com,https://assets.einhell.com/im/imf/800/900_344787/,Instructions,https://www.isc-gmbh.info/isc_de_en/spareparts/heating/air-conditioner/mka-3002-m.html,
,Einhell,,https://assets.einhell.com/manuals-pdf/900_177657/mka-3000-e.pdf,,MKA 3000 E,,Local Air Conditioner,en,Air conditioner,,ics-gmbh.com,https://assets.einhell.com/im/imf/800/900_2540/,Instructions,https://www.isc-gmbh.info/isc_de_en/spareparts/heating/air-conditioner/mka-3000-e.html,
,Einhell,,"https://assets.einhell.com/manuals-pdf/900_364462/mka-3502-e.pdf,https://assets.einhell.com/manuals-pdf/900_365042/mka-3502-e.pdf,https://assets.einhell.com/manuals-pdf/900_365612/mka-3502-e.pdf,https://assets.einhell.com/manuals-pdf/900_368497/mka-3502-e.pdf",,MKA 3502 E,,Portable Air Conditioner,en,Air conditioner,,ics-gmbh.com,https://assets.einhell.com/im/imf/800/900_344789/,Instructions,https://www.isc-gmbh.info/isc_de_en/spareparts/heating/air-conditioner/mka-3502-e.html,
,Einhell,,"https://assets.einhell.com/manuals-pdf/900_364456/mka-7000.pdf,https://assets.einhell.com/manuals-pdf/900_365032/mka-7000.pdf,https://assets.einhell.com/manuals-pdf/900_365604/mka-7000.pdf,https://assets.einhell.com/manuals-pdf/900_368491/mka-7000.pdf",,MKA 7000,,Portable Air Conditioner,en,Air conditioner,,ics-gmbh.com,https://assets.einhell.com/im/imf/800/900_344779/,Instructions,https://www.isc-gmbh.info/isc_de_en/spareparts/heating/air-conditioner/mka-7000-1.html,
,Einhell,,"https://assets.einhell.com/manuals-pdf/900_198904/ska-3503-c-h.pdf,https://assets.einhell.com/manuals-pdf/900_198910/ska-3503-c-h.pdf,https://assets.einhell.com/manuals-pdf/900_198917/ska-3503-c-h.pdf,https://assets.einhell.com/manuals-pdf/900_198918/ska-3503-c-h.pdf,https://assets.einhell.com/manuals-pdf/900_198911/ska-3503-c-h.pdf,https://assets.einhell.com/manuals-pdf/900_198909/ska-3503-c-h.pdf,https://assets.einhell.com/manuals-pdf/900_198907/ska-3503-c-h.pdf,https://assets.einhell.com/manuals-pdf/900_198913/ska-3503-c-h.pdf,https://assets.einhell.com/manuals-pdf/900_198906/ska-3503-c-h.pdf,https://assets.einhell.com/manuals-pdf/900_198915/ska-3503-c-h.pdf,https://assets.einhell.com/manuals-pdf/900_198916/ska-3503-c-h.pdf,https://assets.einhell.com/manuals-pdf/900_198914/ska-3503-c-h.pdf,https://assets.einhell.com/manuals-pdf/900_198912/ska-3503-c-h.pdf,https://assets.einhell.com/manuals-pdf/900_198908/ska-3503-c-h.pdf,https://assets.einhell.com/manuals-pdf/900_198905/ska-3503-c-h.pdf",,SKA 3503 C+H,,Split Air Conditioner,en,Air conditioner,,ics-gmbh.com,https://assets.einhell.com/im/imf/800/900_184876/,Instructions,https://www.isc-gmbh.info/isc_de_en/spareparts/heating/air-conditioner/ska-3503-c-h.html,
,Einhell Classic,,"https://assets.einhell.com/manuals-pdf/900_399126/le-16.pdf,https://assets.einhell.com/manuals-pdf/900_443545/le-16.pdf",,LE 16,,Dehumidifier,en,Air conditioner,,ics-gmbh.com,https://assets.einhell.com/im/imf/800/900_400031/,Instructions,https://www.isc-gmbh.info/isc_de_en/spareparts/heating/air-conditioner/le-16-2.html,
,Einhell,,"https://assets.einhell.com/manuals-pdf/900_364457/mka-3000-m.pdf,https://assets.einhell.com/manuals-pdf/900_365036/mka-3000-m.pdf,https://assets.einhell.com/manuals-pdf/900_365606/mka-3000-m.pdf,https://assets.einhell.com/manuals-pdf/900_368492/mka-3000-m.pdf,https://assets.einhell.com/manuals-pdf/900_366326/mka-3000-m.pdf",,MKA 3000 M,,Portable Air Conditioner,en,Air conditioner,,ics-gmbh.com,https://assets.einhell.com/im/imf/800/900_344781/,Instructions,https://www.isc-gmbh.info/isc_de_en/spareparts/heating/air-conditioner/mka-3000-m.html,
,Einhell,,"https://assets.einhell.com/manuals-pdf/900_364455/mka-2000-m.pdf,https://assets.einhell.com/manuals-pdf/900_365033/mka-2000-m.pdf,https://assets.einhell.com/manuals-pdf/900_365602/mka-2000-m.pdf,https://assets.einhell.com/manuals-pdf/900_368488/mka-2000-m.pdf",,MKA 2000 M,,Portable Air Conditioner,en,Air conditioner,,ics-gmbh.com,https://assets.einhell.com/im/imf/800/900_344773/,Instructions,https://www.isc-gmbh.info/isc_de_en/spareparts/heating/air-conditioner/mka-2000-m.html,
,Einhell Classic,,"https://assets.einhell.com/manuals-pdf/900_399133/le-20.pdf,https://assets.einhell.com/manuals-pdf/900_443547/le-20.pdf",,LE 20,,Dehumidifier,en,Air conditioner,,ics-gmbh.com,https://assets.einhell.com/im/imf/800/900_400013/,Instructions,https://www.isc-gmbh.info/isc_de_en/spareparts/heating/air-conditioner/le-20-2.html,
,Einhell Classic,,"https://assets.einhell.com/manuals-pdf/900_399129/le-30.pdf,https://assets.einhell.com/manuals-pdf/900_443546/le-30.pdf",,LE 30,,Dehumidifier,en,Air conditioner,,ics-gmbh.com,https://assets.einhell.com/im/imf/800/900_399995/,Instructions,https://www.isc-gmbh.info/isc_de_en/spareparts/heating/air-conditioner/le-30-2.html,
,Einhell Classic,,"https://assets.einhell.com/manuals-pdf/900_407590/le-10.pdf,https://assets.einhell.com/manuals-pdf/900_443544/le-10.pdf",,LE 10,,Dehumidifier,en,Air conditioner,,ics-gmbh.com,https://assets.einhell.com/im/imf/800/900_400049/,Instructions,https://www.isc-gmbh.info/isc_de_en/spareparts/heating/air-conditioner/le-10-2.html,
,Einhell Classic,,"https://assets.einhell.com/manuals-pdf/900_351345/tc-vc-1812-s.pdf,https://assets.einhell.com/manuals-pdf/900_448414/tc-vc-1812-s.pdf",,TC-VC 1812 S,,Wet/Dry Vacuum Cleaner (elect),en,Wet/Dry Vacuum Cleaners,,ics-gmbh.com,https://assets.einhell.com/im/imf/800/900_350809/,Instructions,https://www.isc-gmbh.info/isc_de_en/spareparts/cleaning-car-accessories/wet-dry-vacuum-cleaners/tc-vc-1812-s.html,
,Einhell Classic,,"https://assets.einhell.com/manuals-pdf/900_410062/tc-vc-1815-s.pdf,https://assets.einhell.com/manuals-pdf/900_456776/tc-vc-1815-s.pdf",,TC-VC 1815 S,,Wet/Dry Vacuum Cleaner (elect),en,Wet/Dry Vacuum Cleaners,,ics-gmbh.com,https://assets.einhell.com/im/imf/800/900_409704/,Instructions,https://www.isc-gmbh.info/isc_de_en/spareparts/cleaning-car-accessories/wet-dry-vacuum-cleaners/tc-vc-1815-s.html,
,Einhell Classic,,https://assets.einhell.com/manuals-pdf/900_391622/tc-vc-1930-sa-car-kit.pdf,,TC-VC 1930 SA Car-Kit,,Wet/Dry Vacuum Cleaner (elect),en,Wet/Dry Vacuum Cleaners,,ics-gmbh.com,https://assets.einhell.com/im/imf/800/900_395461/,Instructions,https://www.isc-gmbh.info/isc_de_en/spareparts/cleaning-car-accessories/wet-dry-vacuum-cleaners/tc-vc-1930-sa-car-kit.html,
,Einhell Red,,https://assets.einhell.com/manuals-pdf/900_198181/rt-vc-1525-sa%3B-ex%3B-uk.pdf,,RT-VC 1525 SA; EX; UK,,Wet/Dry Vacuum Cleaner (elect),en,Wet/Dry Vacuum Cleaners,,ics-gmbh.com,https://assets.einhell.com/im/imf/800/900_184102/,Instructions,https://www.isc-gmbh.info/isc_de_en/spareparts/cleaning-car-accessories/wet-dry-vacuum-cleaners/rt-vc-1525-sa-ex-uk.html,
,Einhell Red,,https://assets.einhell.com/manuals-pdf/900_177239/rt-vc-1525-sa.pdf,,RT-VC 1525 SA,,Wet/Dry Vacuum Cleaner (elect),en,Wet/Dry Vacuum Cleaners,,ics-gmbh.com,https://assets.einhell.com/im/imf/800/900_2155/,Instructions,https://www.isc-gmbh.info/isc_de_en/spareparts/cleaning-car-accessories/wet-dry-vacuum-cleaners/rt-vc-1525-sa.html,
,Einhell Red,,https://assets.einhell.com/manuals-pdf/900_197789/rt-vc-1630-sa%3B-ex%3B-uk.pdf,,RT-VC 1630 SA; EX; UK,,Wet/Dry Vacuum Cleaner (elect),en,Wet/Dry Vacuum Cleaners,,ics-gmbh.com,https://assets.einhell.com/im/imf/800/900_183663/,Instructions,https://www.isc-gmbh.info/isc_de_en/spareparts/cleaning-car-accessories/wet-dry-vacuum-cleaners/rt-vc-1630-sa-ex-uk.html,
,Einhell Red,,https://assets.einhell.com/manuals-pdf/900_177238/rt-vc-1420.pdf,,RT-VC 1420,,Wet/Dry Vacuum Cleaner (elect),en,Wet/Dry Vacuum Cleaners,,ics-gmbh.com,https://assets.einhell.com/im/imf/800/900_2154/,Instructions,https://www.isc-gmbh.info/isc_de_en/spareparts/cleaning-car-accessories/wet-dry-vacuum-cleaners/rt-vc-1420-1.html,
,Einhell Red,,https://assets.einhell.com/manuals-pdf/900_177240/rt-vc-1630-sa.pdf,,RT-VC 1630 SA,,Wet/Dry Vacuum Cleaner (elect),en,Wet/Dry Vacuum Cleaners,,ics-gmbh.com,https://assets.einhell.com/im/imf/800/900_2156/,Instructions,https://www.isc-gmbh.info/isc_de_en/spareparts/cleaning-car-accessories/wet-dry-vacuum-cleaners/rt-vc-1630-sa.html,
,Einhell Red,,"https://assets.einhell.com/manuals-pdf/900_177224/rt-vc-1600-e.pdf,https://assets.einhell.com/manuals-pdf/900_177228/rt-vc-1600-e.pdf,https://assets.einhell.com/manuals-pdf/900_177223/rt-vc-1600-e.pdf,https://assets.einhell.com/manuals-pdf/900_177225/rt-vc-1600-e.pdf,https://assets.einhell.com/manuals-pdf/900_177227/rt-vc-1600-e.pdf,https://assets.einhell.com/manuals-pdf/900_177226/rt-vc-1600-e.pdf",,RT-VC 1600 E,,Wet/Dry Vacuum Cleaner (elect),en,Wet/Dry Vacuum Cleaners,,ics-gmbh.com,https://assets.einhell.com/im/imf/800/900_2148/,Instructions,https://www.isc-gmbh.info/isc_de_en/spareparts/cleaning-car-accessories/wet-dry-vacuum-cleaners/rt-vc-1600-e.html,
,Einhell Red,,"https://assets.einhell.com/manuals-pdf/900_194170/rt-vc-1500.pdf,https://assets.einhell.com/manuals-pdf/900_195672/rt-vc-1500.pdf,https://assets.einhell.com/manuals-pdf/900_195673/rt-vc-1500.pdf,https://assets.einhell.com/manuals-pdf/900_195675/rt-vc-1500.pdf,https://assets.einhell.com/manuals-pdf/900_195674/rt-vc-1500.pdf,https://assets.einhell.com/manuals-pdf/900_198009/rt-vc-1500.pdf",,RT-VC 1500,,Wet/Dry Vacuum Cleaner (elect),en,Wet/Dry Vacuum Cleaners,,ics-gmbh.com,https://assets.einhell.com/im/imf/800/900_183918/,Instructions,https://www.isc-gmbh.info/isc_de_en/spareparts/cleaning-car-accessories/wet-dry-vacuum-cleaners/rt-vc-1500-2.html,
,Einhell Expert,,https://assets.einhell.com/manuals-pdf/900_493123/te-vc-1930-sa%3B-ex%3B-fr.pdf,,TE-VC 1930 SA; EX; FR,,Wet/Dry Vacuum Cleaner (elect),en,Home,,ics-gmbh.com,https://assets.einhell.com/im/imf/800/900_494429/,Instructions,https://www.isc-gmbh.info/isc_de_en/te-vc-1930-sa-ex-fr.html,
,Einhell Expert,,https://assets.einhell.com/manuals-pdf/900_493120/te-vc-1820-s%3B-ex%3B-fr.pdf,,TE-VC 1820 S; EX; FR,,Wet/Dry Vacuum Cleaner (elect),en,Home,,ics-gmbh.com,https://assets.einhell.com/im/imf/800/900_493761/,Instructions,https://www.isc-gmbh.info/isc_de_en/te-vc-1820-s-ex-fr.html,
,Einhell Expert,,"https://assets.einhell.com/manuals-pdf/900_497006/te-vc-2025-sacl.pdf,https://assets.einhell.com/manuals-pdf/900_497007/te-vc-2025-sacl.pdf,https://assets.einhell.com/manuals-pdf/900_497008/te-vc-2025-sacl.pdf,https://assets.einhell.com/manuals-pdf/900_497009/te-vc-2025-sacl.pdf,https://assets.einhell.com/manuals-pdf/900_497010/te-vc-2025-sacl.pdf",,TE-VC 2025 SACL,,Wet/Dry Vacuum Cleaner (elect),en,Home,,ics-gmbh.com,https://assets.einhell.com/im/imf/800/900_497056/,Instructions,https://www.isc-gmbh.info/isc_de_en/te-vc-2025-sacl.html,
,Einhell Expert,,"https://assets.einhell.com/manuals-pdf/900_457942/te-vc-18-10-li-solo.pdf,https://assets.einhell.com/manuals-pdf/900_457943/te-vc-18-10-li-solo.pdf,https://assets.einhell.com/manuals-pdf/900_457944/te-vc-18-10-li-solo.pdf,https://assets.einhell.com/manuals-pdf/900_457945/te-vc-18-10-li-solo.pdf,https://assets.einhell.com/manuals-pdf/900_457946/te-vc-18-10-li-solo.pdf",,TE-VC 18/10 Li-Solo,,Cordl. Wet/Dry Vacuum Cleaner,en,Home,,ics-gmbh.com,https://assets.einhell.com/im/imf/800/900_457504/,Instructions,https://www.isc-gmbh.info/isc_de_en/te-vc-18-10-li-solo.html,
,Einhell Expert,,"https://assets.einhell.com/manuals-pdf/900_452036/te-vc-2340-sac.pdf,https://assets.einhell.com/manuals-pdf/900_452037/te-vc-2340-sac.pdf,https://assets.einhell.com/manuals-pdf/900_452038/te-vc-2340-sac.pdf,https://assets.einhell.com/manuals-pdf/900_452039/te-vc-2340-sac.pdf,https://assets.einhell.com/manuals-pdf/900_452040/te-vc-2340-sac.pdf",,TE-VC 2340 SAC,,Wet/Dry Vacuum Cleaner (elect),en,Home,,ics-gmbh.com,https://assets.einhell.com/im/imf/800/900_453577/,Instructions,https://www.isc-gmbh.info/isc_de_en/te-vc-2340-sac.html,
,Einhell Expert,,"https://assets.einhell.com/manuals-pdf/900_471208/te-vc-18-10-li-solo%2C-ex%3B-us.pdf,https://assets.einhell.com/manuals-pdf/900_471209/te-vc-18-10-li-solo%2C-ex%3B-us.pdf,https://assets.einhell.com/manuals-pdf/900_471210/te-vc-18-10-li-solo%2C-ex%3B-us.pdf",,"TE-VC 18/10 Li-solo, EX; US",,Cordl. Wet/Dry Vacuum Cleaner,en,Home,,ics-gmbh.com,https://assets.einhell.com/im/imf/800/900_470426/,Instructions,https://www.isc-gmbh.info/isc_de_en/te-vc-18-10-li-solo-ex-us.html,
,Einhell Expert,,"https://assets.einhell.com/manuals-pdf/900_452467/te-vc-2230-sac.pdf,https://assets.einhell.com/manuals-pdf/900_452468/te-vc-2230-sac.pdf,https://assets.einhell.com/manuals-pdf/900_452471/te-vc-2230-sac.pdf,https://assets.einhell.com/manuals-pdf/900_452469/te-vc-2230-sac.pdf,https://assets.einhell.com/manuals-pdf/900_452470/te-vc-2230-sac.pdf",,TE-VC 2230 SAC,,Wet/Dry Vacuum Cleaner (elect),en,Home,,ics-gmbh.com,https://assets.einhell.com/im/imf/800/900_453626/,Instructions,https://www.isc-gmbh.info/isc_de_en/-2575.html,
,Einhell Expert,,https://assets.einhell.com/manuals-pdf/900_466117/te-vc-2230-sac%3B-ex%3B-ch.pdf,,TE-VC 2230 SAC; EX; CH,,Wet/Dry Vacuum Cleaner (elect),en,Home,,ics-gmbh.com,https://assets.einhell.com/im/imf/800/900_465412/,Instructions,https://www.isc-gmbh.info/isc_de_en/-2498.html,
,Einhell Expert,,https://assets.einhell.com/manuals-pdf/900_458307/te-vc-2230-sac%3B-ex%3B-fr.pdf,,TE-VC 2230 SAC; EX; FR,,Wet/Dry Vacuum Cleaner (elect),en,Home,,ics-gmbh.com,https://assets.einhell.com/im/imf/800/900_458877/,Instructions,https://www.isc-gmbh.info/isc_de_en/te-vc-2230-sac-ex-fr.html,
,Einhell Expert,,https://assets.einhell.com/manuals-pdf/900_458314/te-vc-2340-sac%3B-ex%3B-fr.pdf,,TE-VC 2340 SAC; EX; FR,,Wet/Dry Vacuum Cleaner (elect),en,Home,,ics-gmbh.com,https://assets.einhell.com/im/imf/800/900_458907/,Instructions,https://www.isc-gmbh.info/isc_de_en/te-vc-2340-sac-ex-fr.html,
,Einhell Expert,,https://assets.einhell.com/manuals-pdf/900_436583/te-vc-2340-sa%3B-ex%3B-ch.pdf,,TE-VC 2340 SA; EX; CH,,Wet/Dry Vacuum Cleaner (elect),en,Home,,ics-gmbh.com,https://assets.einhell.com/im/imf/800/900_437535/,Instructions,https://www.isc-gmbh.info/isc_de_en/te-vc-2340-sa-ex-ch.html,
,Einhell Expert,,https://assets.einhell.com/manuals-pdf/900_403472/te-vc-2230-sa%3B-ex%3B-arg.pdf,,TE-VC 2230 SA; EX; ARG,,Wet/Dry Vacuum Cleaner (elect),en,Wet/Dry Vacuum Cleaners,,ics-gmbh.com,https://assets.einhell.com/im/imf/800/900_402813/,Instructions,https://www.isc-gmbh.info/isc_de_en/spareparts/cleaning-car-accessories/wet-dry-vacuum-cleaners/te-vc-2230-sa-ex-arg.html,
,Einhell Expert,,https://assets.einhell.com/manuals-pdf/900_402781/te-vc-2340-sa%3B-ex%3B-arg.pdf,,TE-VC 2340 SA; EX; ARG,,Wet/Dry Vacuum Cleaner (elect),en,Wet/Dry Vacuum Cleaners,,ics-gmbh.com,https://assets.einhell.com/im/imf/800/900_401548/,Instructions,https://www.isc-gmbh.info/isc_de_en/spareparts/cleaning-car-accessories/wet-dry-vacuum-cleaners/te-vc-2340-sa-ex-arg.html,
,Einhell Expert,,"https://assets.einhell.com/manuals-pdf/900_461401/te-vc-1820.pdf,https://assets.einhell.com/manuals-pdf/900_461402/te-vc-1820.pdf,https://assets.einhell.com/manuals-pdf/900_461403/te-vc-1820.pdf,https://assets.einhell.com/manuals-pdf/900_461404/te-vc-1820.pdf,https://assets.einhell.com/manuals-pdf/900_198794/te-vc-1820.pdf,https://assets.einhell.com/manuals-pdf/900_461405/te-vc-1820.pdf",,TE-VC 1820,,Wet/Dry Vacuum Cleaner (elect),en,Wet/Dry Vacuum Cleaners,,ics-gmbh.com,https://assets.einhell.com/im/imf/800/900_184754/,Instructions,https://www.isc-gmbh.info/isc_de_en/spareparts/cleaning-car-accessories/wet-dry-vacuum-cleaners/te-vc-1820-2.html,
,Einhell Expert,,"https://assets.einhell.com/manuals-pdf/900_461791/te-vc-2230-sa.pdf,https://assets.einhell.com/manuals-pdf/900_461792/te-vc-2230-sa.pdf,https://assets.einhell.com/manuals-pdf/900_461793/te-vc-2230-sa.pdf,https://assets.einhell.com/manuals-pdf/900_461794/te-vc-2230-sa.pdf,https://assets.einhell.com/manuals-pdf/900_461795/te-vc-2230-sa.pdf",,TE-VC 2230 SA,,Wet/Dry Vacuum Cleaner (elect),en,Wet/Dry Vacuum Cleaners,,ics-gmbh.com,https://assets.einhell.com/im/imf/800/900_184049/,Instructions,https://www.isc-gmbh.info/isc_de_en/spareparts/cleaning-car-accessories/wet-dry-vacuum-cleaners/te-vc-2230-sa.html,
,Einhell Expert,,https://assets.einhell.com/manuals-pdf/900_198812/te-vc-1925-sa.pdf,,TE-VC 1925 SA,,Wet/Dry Vacuum Cleaner (elect),en,Wet/Dry Vacuum Cleaners,,ics-gmbh.com,https://assets.einhell.com/im/imf/800/900_184777/,Instructions,https://www.isc-gmbh.info/isc_de_en/spareparts/cleaning-car-accessories/wet-dry-vacuum-cleaners/te-vc-1925-sa.html,
,Einhell Expert Plus,,"https://assets.einhell.com/manuals-pdf/900_461881/te-vc-36-30-li-s-solo%3B-ex%3B-us.pdf,https://assets.einhell.com/manuals-pdf/900_461882/te-vc-36-30-li-s-solo%3B-ex%3B-us.pdf,https://assets.einhell.com/manuals-pdf/900_461883/te-vc-36-30-li-s-solo%3B-ex%3B-us.pdf",,TE-VC 36/30 Li S-Solo; EX; US,,Cordl. Wet/Dry Vacuum Cleaner,en,Home,,ics-gmbh.com,https://assets.einhell.com/im/imf/800/900_464446/,Instructions,https://www.isc-gmbh.info/isc_de_en/-829.html,
,Einhell,,https://assets.einhell.com/manuals-pdf/900_367169/ht-2020-f.pdf,,HT 2020 F,,High Pressure Cleaner,en,High Pressure Cleaners,,ics-gmbh.com,https://assets.einhell.com/im/imf/800/900_347067/,Instructions,https://www.isc-gmbh.info/isc_de_en/spareparts/cleaning-car-accessories/high-pressure-cleaners/ht-2020-f.html,
,Einhell,,https://assets.einhell.com/manuals-pdf/900_367153/hr-1700-a.pdf,,HR 1700-A,,High Pressure Cleaner,en,High Pressure Cleaners,,ics-gmbh.com,https://assets.einhell.com/im/imf/800/900_347067/,Instructions,https://www.isc-gmbh.info/isc_de_en/spareparts/cleaning-car-accessories/high-pressure-cleaners/hr-1700-a.html,
,Einhell,,"https://assets.einhell.com/manuals-pdf/900_302281/hr-200.pdf,https://assets.einhell.com/manuals-pdf/900_302283/hr-200.pdf,https://assets.einhell.com/manuals-pdf/900_302284/hr-200.pdf,https://assets.einhell.com/manuals-pdf/900_302285/hr-200.pdf,https://assets.einhell.com/manuals-pdf/900_302282/hr-200.pdf,https://assets.einhell.com/manuals-pdf/900_367149/hr-200.pdf",,HR 200,,High Pressure Cleaner,en,High Pressure Cleaners,,ics-gmbh.com,https://assets.einhell.com/im/imf/800/900_345365/,Instructions,https://www.isc-gmbh.info/isc_de_en/spareparts/cleaning-car-accessories/high-pressure-cleaners/hr-200-2.html,
,Einhell Blue,,https://assets.einhell.com/manuals-pdf/900_199033/bt-hp-2100.pdf,,BT-HP 2100,,High Pressure Cleaner,en,High Pressure Cleaners,,ics-gmbh.com,https://assets.einhell.com/im/imf/800/900_185010/,Instructions,https://www.isc-gmbh.info/isc_de_en/spareparts/cleaning-car-accessories/high-pressure-cleaners/bt-hp-2100-2.html,
,Einhell Blue,,https://assets.einhell.com/manuals-pdf/900_198639/bt-hp-160-kit.pdf,,BT-HP 160 Kit,,High Pressure Cleaner,en,High Pressure Cleaners,,ics-gmbh.com,https://assets.einhell.com/im/imf/800/900_184591/,Instructions,https://www.isc-gmbh.info/isc_de_en/spareparts/cleaning-car-accessories/high-pressure-cleaners/bt-hp-160-kit.html,
,Einhell Blue,,https://assets.einhell.com/manuals-pdf/900_198968/bt-hp-1900.pdf,,BT-HP 1900,,High Pressure Cleaner,en,High Pressure Cleaners,,ics-gmbh.com,https://assets.einhell.com/im/imf/800/900_184937/,Instructions,https://www.isc-gmbh.info/isc_de_en/spareparts/cleaning-car-accessories/high-pressure-cleaners/bt-hp-1900-2.html,
,Einhell Blue,,"https://assets.einhell.com/manuals-pdf/900_177205/bt-hp-1435.pdf,https://assets.einhell.com/manuals-pdf/900_361688/bt-hp-1435.pdf,https://assets.einhell.com/manuals-pdf/900_177204/bt-hp-1435.pdf,https://assets.einhell.com/manuals-pdf/900_361974/bt-hp-1435.pdf,https://assets.einhell.com/manuals-pdf/900_177206/bt-hp-1435.pdf,https://assets.einhell.com/manuals-pdf/900_362253/bt-hp-1435.pdf,https://assets.einhell.com/manuals-pdf/900_177202/bt-hp-1435.pdf,https://assets.einhell.com/manuals-pdf/900_362526/bt-hp-1435.pdf,https://assets.einhell.com/manuals-pdf/900_177203/bt-hp-1435.pdf,https://assets.einhell.com/manuals-pdf/900_362807/bt-hp-1435.pdf",,BT-HP 1435,,High Pressure Cleaner,en,High Pressure Cleaners,,ics-gmbh.com,https://assets.einhell.com/im/imf/800/900_2140/,Instructions,https://www.isc-gmbh.info/isc_de_en/spareparts/cleaning-car-accessories/high-pressure-cleaners/bt-hp-1435-2.html,
,Einhell Classic,,https://assets.einhell.com/manuals-pdf/900_499504/tc-hp-90%3Bex%3Bbr%3B220v%3B-50-60hz.pdf,,TC-HP 90;EX;BR;220V; 50/60Hz,,High Pressure Cleaner,en,Home,,ics-gmbh.com,https://assets.einhell.com/im/imf/800/900_497316/,Instructions,https://www.isc-gmbh.info/isc_de_en/-4172.html,
,Einhell Classic,,"https://assets.einhell.com/manuals-pdf/900_490178/tc-hp-90.pdf,https://assets.einhell.com/manuals-pdf/900_490179/tc-hp-90.pdf,https://assets.einhell.com/manuals-pdf/900_490180/tc-hp-90.pdf,https://assets.einhell.com/manuals-pdf/900_490181/tc-hp-90.pdf,https://assets.einhell.com/manuals-pdf/900_490182/tc-hp-90.pdf",,TC-HP 90,,High Pressure Cleaner,en,Home,,ics-gmbh.com,https://assets.einhell.com/im/imf/800/900_490224/,Instructions,https://www.isc-gmbh.info/isc_de_en/tc-hp-90-1.html,
,Einhell Classic,,https://assets.einhell.com/manuals-pdf/900_434321/tc-hp-1435%3B-ex%3B-arg.pdf,,TC-HP 1435; EX; ARG,,High Pressure Cleaner,en,Home,,ics-gmbh.com,https://assets.einhell.com/im/imf/800/900_434052/,Instructions,https://www.isc-gmbh.info/isc_de_en/tc-hp-1435-ex-arg.html,
,Einhell Classic,,"https://assets.einhell.com/manuals-pdf/900_487173/tc-hp-130.pdf,https://assets.einhell.com/manuals-pdf/900_487174/tc-hp-130.pdf,https://assets.einhell.com/manuals-pdf/900_487175/tc-hp-130.pdf,https://assets.einhell.com/manuals-pdf/900_487171/tc-hp-130.pdf,https://assets.einhell.com/manuals-pdf/900_487172/tc-hp-130.pdf",,TC-HP 130,,High Pressure Cleaner,en,Home,,ics-gmbh.com,https://assets.einhell.com/im/imf/800/900_487336/,Instructions,https://www.isc-gmbh.info/isc_de_en/tc-hp-130-1.html,
,Einhell Classic,,https://assets.einhell.com/manuals-pdf/900_401928/tc-hp-2042-pc%3B-ex%3B-arg.pdf,,TC-HP 2042 PC; EX; ARG,,High Pressure Cleaner,en,High Pressure Cleaners,,ics-gmbh.com,https://assets.einhell.com/im/imf/800/900_401203/,Instructions,https://www.isc-gmbh.info/isc_de_en/spareparts/cleaning-car-accessories/high-pressure-cleaners/tc-hp-2042-pc-ex-arg.html,
,Einhell Classic,,https://assets.einhell.com/manuals-pdf/900_401804/tc-hp-1334%3B-ex%3B-arg.pdf,,TC-HP 1334; Ex; ARG,,High Pressure Cleaner,en,High Pressure Cleaners,,ics-gmbh.com,https://assets.einhell.com/im/imf/800/900_401227/,Instructions,https://www.isc-gmbh.info/isc_de_en/spareparts/cleaning-car-accessories/high-pressure-cleaners/tc-hp-1334-ex-arg.html,
,Einhell Classic,,https://assets.einhell.com/manuals-pdf/900_401802/tc-hp-1538-pc%3B-ex%3B-arg.pdf,,TC-HP 1538 PC Kit; EX; ARG,,High Pressure Cleaner,en,High Pressure Cleaners,,ics-gmbh.com,https://assets.einhell.com/im/imf/800/900_459293/,Instructions,https://www.isc-gmbh.info/isc_de_en/spareparts/cleaning-car-accessories/high-pressure-cleaners/tc-hp-1538-pc-kit-ex-arg.html,
,Einhell Classic,,"https://assets.einhell.com/manuals-pdf/900_363720/tc-hp-1538-pc.pdf,https://assets.einhell.com/manuals-pdf/900_363721/tc-hp-1538-pc.pdf",,TC-HP 1538 PC,,High Pressure Cleaner,en,High Pressure Cleaners,,ics-gmbh.com,https://assets.einhell.com/im/imf/800/900_349834/,Instructions,https://www.isc-gmbh.info/isc_de_en/spareparts/cleaning-car-accessories/high-pressure-cleaners/tc-hp-1538-pc-6.html,
,Einhell Classic,,https://assets.einhell.com/manuals-pdf/900_351141/tc-hp-1538-pc-.pdf,,TC-HP 1538 PC+,,High Pressure Cleaner,en,High Pressure Cleaners,,ics-gmbh.com,https://assets.einhell.com/im/imf/800/900_351157/,Instructions,https://www.isc-gmbh.info/isc_de_en/spareparts/cleaning-car-accessories/high-pressure-cleaners/tc-hp-1538-pc-5.html,
,Einhell Red,,"https://assets.einhell.com/manuals-pdf/900_177217/rt-hp-1750-tr.pdf,https://assets.einhell.com/manuals-pdf/900_177221/rt-hp-1750-tr.pdf,https://assets.einhell.com/manuals-pdf/900_177220/rt-hp-1750-tr.pdf,https://assets.einhell.com/manuals-pdf/900_177215/rt-hp-1750-tr.pdf,https://assets.einhell.com/manuals-pdf/900_177219/rt-hp-1750-tr.pdf,https://assets.einhell.com/manuals-pdf/900_177218/rt-hp-1750-tr.pdf,https://assets.einhell.com/manuals-pdf/900_363713/rt-hp-1750-tr.pdf",,RT-HP 1750 TR,,High Pressure Cleaner,en,High Pressure Cleaners,,ics-gmbh.com,https://assets.einhell.com/im/imf/800/900_2145/,Instructions,https://www.isc-gmbh.info/isc_de_en/spareparts/cleaning-car-accessories/high-pressure-cleaners/rt-hp-1750-tr.html,
,Einhell Classic,,https://assets.einhell.com/manuals-pdf/900_434673/tc-sd-3%2C6-li%3B-h%3B-ex%3B-arg.pdf,,"TC-SD 3,6 Li; H; EX; ARG",,Cordless Screwdriver,en,Home,,ics-gmbh.com,https://assets.einhell.com/im/imf/800/900_434607/,Instructions,https://www.isc-gmbh.info/isc_de_en/tc-sd-3-6-li-h-ex-arg.html,
,Einhell Classic,,https://assets.einhell.com/manuals-pdf/900_454848/tc-sd-3%2C6-li%3B-ex%3B-br%3B-bv.pdf,,"TC-SD 3,6 Li; EX; BR; BV",,Cordless Screwdriver,en,Home,,ics-gmbh.com,https://assets.einhell.com/im/imf/800/900_454037/,Instructions,https://www.isc-gmbh.info/isc_de_en/tc-sd-3-6-li-ex-br-bv.html,
,Einhell Expert,,"https://assets.einhell.com/manuals-pdf/900_488220/te-hp-140.pdf,https://assets.einhell.com/manuals-pdf/900_488221/te-hp-140.pdf,https://assets.einhell.com/manuals-pdf/900_488222/te-hp-140.pdf,https://assets.einhell.com/manuals-pdf/900_488223/te-hp-140.pdf,https://assets.einhell.com/manuals-pdf/900_488224/te-hp-140.pdf",,TE-HP 140,,High Pressure Cleaner,en,Home,,ics-gmbh.com,https://assets.einhell.com/im/imf/800/900_487337/,Instructions,https://www.isc-gmbh.info/isc_de_en/te-hp-140-1.html,
,Einhell Classic,,https://assets.einhell.com/manuals-pdf/900_423665/tc-sd-3%2C6-li%3B-ex%3Barg.pdf,,"TC-SD 3,6 Li; EX;ARG",,Cordless Screwdriver,en,Home,,ics-gmbh.com,https://assets.einhell.com/im/imf/800/900_423478/,Instructions,https://www.isc-gmbh.info/isc_de_en/tc-sd-3-6-li-ex-arg.html,
,Einhell Classic,,"https://assets.einhell.com/manuals-pdf/900_421061/tc-sd-3%2C6-li%3B-kaufland.pdf,https://assets.einhell.com/manuals-pdf/900_421062/tc-sd-3%2C6-li%3B-kaufland.pdf",,"TC-SD 3,6 Li; Kaufland",,Cordless Screwdriver,en,Home,,ics-gmbh.com,https://assets.einhell.com/im/imf/800/900_347067/,Instructions,https://www.isc-gmbh.info/isc_de_en/tc-sd-3-6-li-kaufland.html,
,Einhell Expert,,"https://assets.einhell.com/manuals-pdf/900_487586/te-hp-170.pdf,https://assets.einhell.com/manuals-pdf/900_487587/te-hp-170.pdf,https://assets.einhell.com/manuals-pdf/900_487588/te-hp-170.pdf,https://assets.einhell.com/manuals-pdf/900_487589/te-hp-170.pdf",,TE-HP 170,,High Pressure Cleaner,en,Home,,ics-gmbh.com,https://assets.einhell.com/im/imf/800/900_487338/,Instructions,https://www.isc-gmbh.info/isc_de_en/-8534.html,
,Einhell Classic,,https://assets.einhell.com/manuals-pdf/900_410980/tc-sd-3%2C6v-li-kit%3B-ex%3B-arg.pdf,,"TC-SD 3,6V Li Kit; EX; ARG",,Cordless Screwdriver Kit,en,Cordless screwdriver,,ics-gmbh.com,https://assets.einhell.com/im/imf/800/900_412616/,Instructions,https://www.isc-gmbh.info/isc_de_en/spareparts/tools/screwdriver/cordless-screwdriver/tc-sd-3-6v-li-kit-ex-arg.html,
,Einhell Classic,,https://assets.einhell.com/manuals-pdf/900_418089/tc-ci-12-li%3B-ex%3B-uk.pdf,,TC-CI 12 Li; EX; UK,,Cordless Impact Driver,en,Home,,ics-gmbh.com,https://assets.einhell.com/im/imf/800/900_347067/,Instructions,https://www.isc-gmbh.info/isc_de_en/tc-ci-12-li-ex-uk.html,
,Einhell Red,,"https://assets.einhell.com/manuals-pdf/900_194275/rt-sd-3%2C6-1-li-kit.pdf,https://assets.einhell.com/manuals-pdf/900_194276/rt-sd-3%2C6-1-li-kit.pdf,https://assets.einhell.com/manuals-pdf/900_194277/rt-sd-3%2C6-1-li-kit.pdf,https://assets.einhell.com/manuals-pdf/900_196082/rt-sd-3%2C6-1-li-kit.pdf,https://assets.einhell.com/manuals-pdf/900_196085/rt-sd-3%2C6-1-li-kit.pdf,https://assets.einhell.com/manuals-pdf/900_196090/rt-sd-3%2C6-1-li-kit.pdf,https://assets.einhell.com/manuals-pdf/900_196083/rt-sd-3%2C6-1-li-kit.pdf,https://assets.einhell.com/manuals-pdf/900_196086/rt-sd-3%2C6-1-li-kit.pdf,https://assets.einhell.com/manuals-pdf/900_196091/rt-sd-3%2C6-1-li-kit.pdf,https://assets.einhell.com/manuals-pdf/900_196081/rt-sd-3%2C6-1-li-kit.pdf,https://assets.einhell.com/manuals-pdf/900_196084/rt-sd-3%2C6-1-li-kit.pdf,https://assets.einhell.com/manuals-pdf/900_196088/rt-sd-3%2C6-1-li-kit.pdf,https://assets.einhell.com/manuals-pdf/900_196080/rt-sd-3%2C6-1-li-kit.pdf,https://assets.einhell.com/manuals-pdf/900_196087/rt-sd-3%2C6-1-li-kit.pdf,https://assets.einhell.com/manuals-pdf/900_196089/rt-sd-3%2C6-1-li-kit.pdf",,"RT-SD 3,6/1 Li Kit",,Cordless Screwdriver Kit,en,Cordless screwdriver,,ics-gmbh.com,https://assets.einhell.com/im/imf/800/900_184259/,Instructions,https://www.isc-gmbh.info/isc_de_en/spareparts/tools/screwdriver/cordless-screwdriver/rt-sd-3-6-1-li-kit.html,
,Einhell Red,,"https://assets.einhell.com/manuals-pdf/900_194437/rt-sd-4%2C8.pdf,https://assets.einhell.com/manuals-pdf/900_196719/rt-sd-4%2C8.pdf,https://assets.einhell.com/manuals-pdf/900_196722/rt-sd-4%2C8.pdf,https://assets.einhell.com/manuals-pdf/900_196720/rt-sd-4%2C8.pdf,https://assets.einhell.com/manuals-pdf/900_196721/rt-sd-4%2C8.pdf",,"RT-SD 4,8",,Cordless Screwdriver,en,,,ics-gmbh.com,https://assets.einhell.com/im/imf/800/900_184760/,Instructions,https://www.isc-gmbh.info/isc_de_en/spareparts/tools/screwdriver/cordless-screwdriver/rt-sd-4-8-2.html,
,Einhell Red,,"https://assets.einhell.com/manuals-pdf/900_194150/rt-sd-4%2C8-.pdf,https://assets.einhell.com/manuals-pdf/900_195595/rt-sd-4%2C8-.pdf,https://assets.einhell.com/manuals-pdf/900_195596/rt-sd-4%2C8-.pdf,https://assets.einhell.com/manuals-pdf/900_195597/rt-sd-4%2C8-.pdf,https://assets.einhell.com/manuals-pdf/900_195594/rt-sd-4%2C8-.pdf",,"RT-SD 4,8+",,Cordless Screwdriver,en,,,ics-gmbh.com,https://assets.einhell.com/im/imf/800/900_183841/,Instructions,https://www.isc-gmbh.info/isc_de_en/spareparts/tools/screwdriver/cordless-screwdriver/rt-sd-4-8-1.html,
,Einhell Expert,,"https://assets.einhell.com/manuals-pdf/900_470407/te-sd-3%2C6-1-li.pdf,https://assets.einhell.com/manuals-pdf/900_470408/te-sd-3%2C6-1-li.pdf,https://assets.einhell.com/manuals-pdf/900_470409/te-sd-3%2C6-1-li.pdf,https://assets.einhell.com/manuals-pdf/900_470410/te-sd-3%2C6-1-li.pdf,https://assets.einhell.com/manuals-pdf/900_470411/te-sd-3%2C6-1-li.pdf,https://assets.einhell.com/manuals-pdf/900_470412/te-sd-3%2C6-1-li.pdf",,"TE-SD 3,6/1 Li",,Cordless Screwdriver,en,Home,,ics-gmbh.com,https://assets.einhell.com/im/imf/800/900_424838/,Instructions,https://www.isc-gmbh.info/isc_de_en/te-sd-3-6-1-li.html,
,Einhell Expert Plus,,"https://assets.einhell.com/manuals-pdf/900_499094/te-cw-18-li-bl-solo%3B-ex%3B-usa.pdf,https://assets.einhell.com/manuals-pdf/900_499095/te-cw-18-li-bl-solo%3B-ex%3B-usa.pdf,https://assets.einhell.com/manuals-pdf/900_499096/te-cw-18-li-bl-solo%3B-ex%3B-usa.pdf",,TE-CW 18 Li BL-Solo; EX; USA,,Cordless Impact Driver,en,Home,,ics-gmbh.com,https://assets.einhell.com/im/imf/800/900_483347/,Instructions,https://www.isc-gmbh.info/isc_de_en/te-cw-18-li-bl-solo-ex-usa.html,
,Einhell Expert Plus,,"https://assets.einhell.com/manuals-pdf/900_476049/te-ci-18-li-bl-solo%3B-ex%3B-us.pdf,https://assets.einhell.com/manuals-pdf/900_476050/te-ci-18-li-bl-solo%3B-ex%3B-us.pdf,https://assets.einhell.com/manuals-pdf/900_476051/te-ci-18-li-bl-solo%3B-ex%3B-us.pdf",,TE-CI 18 Li BL-Solo; EX; US,,Cordless Impact Driver,en,Home,,ics-gmbh.com,https://assets.einhell.com/im/imf/800/900_480874/,Instructions,https://www.isc-gmbh.info/isc_de_en/te-ci-18-li-bl-solo-ex-us.html,
,Einhell Expert Plus,,"https://assets.einhell.com/manuals-pdf/900_448570/te-ci-18-1-li-solo%3Bex%3B-us.pdf,https://assets.einhell.com/manuals-pdf/900_455541/te-ci-18-1-li-solo%3Bex%3B-us.pdf",,TE-CI 18/1 Li-Solo;Ex; US,,Cordless Impact Driver,en,Home,,ics-gmbh.com,https://assets.einhell.com/im/imf/800/900_450218/,Instructions,https://www.isc-gmbh.info/isc_de_en/te-ci-18-1-li-solo-ex-us.html,
,Einhell Expert Plus,,https://assets.einhell.com/manuals-pdf/900_444655/te-ci-18-li-bl-solo%3Bex%3Barg.pdf,,TE-CI 18 LI BL-SOLO;EX;ARG,,Cordless Impact Driver,en,Home,,ics-gmbh.com,https://assets.einhell.com/im/imf/800/900_459314/,Instructions,https://www.isc-gmbh.info/isc_de_en/te-ci-18-li-bl-solo-ex-arg.html,
,Einhell Expert Plus,,https://assets.einhell.com/manuals-pdf/900_431727/te-ci-18-1-li-solo%3B-ex%3B-br.pdf,,TE-CI 18/1 Li-Solo; EX; BR,,Cordless Impact Driver,en,Home,,ics-gmbh.com,https://assets.einhell.com/im/imf/800/900_423067/,Instructions,https://www.isc-gmbh.info/isc_de_en/te-ci-18-1-li-solo-ex-br.html,
,Einhell Expert Plus,,"https://assets.einhell.com/manuals-pdf/900_416100/te-ci-18-1-li-%281x2%2C0ah%29.pdf,https://assets.einhell.com/manuals-pdf/900_416101/te-ci-18-1-li-%281x2%2C0ah%29.pdf,https://assets.einhell.com/manuals-pdf/900_416102/te-ci-18-1-li-%281x2%2C0ah%29.pdf,https://assets.einhell.com/manuals-pdf/900_416103/te-ci-18-1-li-%281x2%2C0ah%29.pdf,https://assets.einhell.com/manuals-pdf/900_416099/te-ci-18-1-li-%281x2%2C0ah%29.pdf",,"TE-CI 18/1 Li (1x2,0Ah)",,Cordless Impact Driver,en,Home,,ics-gmbh.com,https://assets.einhell.com/im/imf/800/900_417857/,Instructions,https://www.isc-gmbh.info/isc_de_en/te-ci-18-1-li-1x2-0ah.html,
,Einhell Expert Plus,,https://assets.einhell.com/manuals-pdf/900_415626/te-cw-18-li-bl-solo%3B-ex%3B-arg.pdf,,TE-CW 18 Li BL-Solo; EX; ARG,,Cordless Impact Driver,en,Home,,ics-gmbh.com,https://assets.einhell.com/im/imf/800/900_415971/,Instructions,https://www.isc-gmbh.info/isc_de_en/te-cw-18-li-bl-solo-ex-arg.html,
,Einhell Expert Plus,,"https://assets.einhell.com/manuals-pdf/900_361019/te-ci-18-li-solo%3B-ex%3B-arg.pdf,https://assets.einhell.com/manuals-pdf/900_361020/te-ci-18-li-solo%3B-ex%3B-arg.pdf",,TE-CI 18 Li-Solo; EX; ARG,,Cordless Impact Driver,en,Cordless screwdriver,,ics-gmbh.com,https://assets.einhell.com/im/imf/800/900_412460/,Instructions,https://www.isc-gmbh.info/isc_de_en/spareparts/tools/screwdriver/cordless-screwdriver/te-ci-18-li-solo-ex-arg.html,
,Einhell Expert Plus,,"https://assets.einhell.com/manuals-pdf/900_361434/te-ci-18-li-kit-3%2C0.pdf,https://assets.einhell.com/manuals-pdf/900_364212/te-ci-18-li-kit-3%2C0.pdf,https://assets.einhell.com/manuals-pdf/900_364213/te-ci-18-li-kit-3%2C0.pdf",,"TE-CI 18 Li Kit 3,0",,Cordless Impact Driver,en,Cordless screwdriver,,ics-gmbh.com,https://assets.einhell.com/im/imf/800/900_348585/,Instructions,https://www.isc-gmbh.info/isc_de_en/spareparts/tools/screwdriver/cordless-screwdriver/te-ci-18-li-kit-3-0-1.html,
,Einhell Expert Plus,,"https://assets.einhell.com/manuals-pdf/900_361435/te-ci-18-li-kit.pdf,https://assets.einhell.com/manuals-pdf/900_364210/te-ci-18-li-kit.pdf,https://assets.einhell.com/manuals-pdf/900_364211/te-ci-18-li-kit.pdf",,TE-CI 18 Li Kit,,Cordless Impact Driver,en,Cordless screwdriver,,ics-gmbh.com,https://assets.einhell.com/im/imf/800/900_348430/,Instructions,https://www.isc-gmbh.info/isc_de_en/spareparts/tools/screwdriver/cordless-screwdriver/te-ci-18-li-kit.html,
,Einhell Expert Plus,,"https://assets.einhell.com/manuals-pdf/900_361436/te-ci-18-li-solo.pdf,https://assets.einhell.com/manuals-pdf/900_364214/te-ci-18-li-solo.pdf,https://assets.einhell.com/manuals-pdf/900_364215/te-ci-18-li-solo.pdf,https://assets.einhell.com/manuals-pdf/900_410222/te-ci-18-li-solo.pdf",,TE-CI 18 Li-Solo,,Cordless Impact Driver,en,Cordless screwdriver,,ics-gmbh.com,https://assets.einhell.com/im/imf/800/900_384781/,Instructions,https://www.isc-gmbh.info/isc_de_en/spareparts/tools/screwdriver/cordless-screwdriver/te-ci-18-li-solo.html,
,Einhell Accessory,,"https://assets.einhell.com/manuals-pdf/900_472424/saugstrahlpistole.pdf,https://assets.einhell.com/manuals-pdf/900_472423/saugstrahlpistole.pdf",,Air Sandblasting Suction Gun,,Air Sandblasting Suction Gun,en,Home,,ics-gmbh.com,https://assets.einhell.com/im/imf/800/900_472927/,Instructions,https://www.isc-gmbh.info/isc_de_en/air-sandblasting-suction-gun.html,
,Herkules,,https://assets.einhell.com/manuals-pdf/900_469190/h-sa-1100.pdf,,H-SA 1100,,Hoist Lever Arm,en,Home,,ics-gmbh.com,https://assets.einhell.com/im/imf/800/900_468679/,Instructions,https://www.isc-gmbh.info/isc_de_en/-3036.html,
,Herkules,,https://assets.einhell.com/manuals-pdf/900_286505/hsa-120-for-shz-2-set.pdf,,HSA 120 for SHZ-2 Set,,Hoist Lever Arm,en,Workshop Equipment,,ics-gmbh.com,https://assets.einhell.com/im/imf/800/900_347067/,Instructions,https://www.isc-gmbh.info/isc_de_en/spareparts/stationary-tools/workshop-equipment/hsa-120-for-shz-2-set.html,
,Plus Professional,,https://assets.einhell.com/manuals-pdf/900_300913/p-tr-29.pdf,,Zubeh√∂r Reinigungstechnik,,High Pressure Cleaner Accessor,en,High Pressure Cleaners,,ics-gmbh.com,https://assets.einhell.com/im/imf/800/900_223558/,Instructions,https://www.isc-gmbh.info/isc_de_en/accessories/cleaning-accessories/high-pressure-cleaners/zubehoer-reinigungstechnik.html,
,Gardenline,,https://assets.einhell.com/manuals-pdf/900_300978/gltr-29%3B-ex%3B-uk.pdf,,GLTR 29; Ex; UK,,High Pressure Cleaner Accessor,en,High Pressure Cleaners,,ics-gmbh.com,https://assets.einhell.com/im/imf/800/900_477663/,Instructions,https://www.isc-gmbh.info/isc_de_en/accessories/cleaning-accessories/high-pressure-cleaners/gltr-29-ex-uk.html,
,MyTool,,https://assets.einhell.com/manuals-pdf/900_177857/mt-tr-2000.pdf,,MT-TR 2000,,High Pressure Cleaner Accessor,en,High Pressure Cleaners,,ics-gmbh.com,https://assets.einhell.com/im/imf/800/900_2735/,Instructions,https://www.isc-gmbh.info/isc_de_en/accessories/cleaning-accessories/high-pressure-cleaners/mt-tr-2000-2.html,
,Einhell,,https://assets.einhell.com/manuals-pdf/900_197998/tr-23-terassenreiniger.pdf,,TR 23 Terrace cleaner,,High Pressure Cleaner Accessor,en,High Pressure Cleaners,,ics-gmbh.com,https://assets.einhell.com/im/imf/800/900_305114/,Instructions,https://www.isc-gmbh.info/isc_de_en/accessories/cleaning-accessories/high-pressure-cleaners/tr-23-terrace-cleaner.html,
,Einhell Grey,,https://assets.einhell.com/manuals-pdf/900_363714/terrassenreiniger%2C-tr-30.pdf,,"Terrassenreiniger, TR 30",,High Pressure Cleaner Accessor,en,High Pressure Cleaners,,ics-gmbh.com,https://assets.einhell.com/im/imf/800/900_2240/,Instructions,https://www.isc-gmbh.info/isc_de_en/accessories/cleaning-accessories/high-pressure-cleaners/terrassenreiniger-tr-30-2.html,
,Einhell Blue,,https://assets.einhell.com/manuals-pdf/900_301770/tr-28-for-kit.pdf,,TR 28 for Kit,,High Pressure Cleaner Accessor,en,High Pressure Cleaners,,ics-gmbh.com,https://assets.einhell.com/im/imf/800/900_347067/,Instructions,https://www.isc-gmbh.info/isc_de_en/accessories/cleaning-accessories/high-pressure-cleaners/tr-28-for-kit.html,
,Einhell Grey,,https://assets.einhell.com/manuals-pdf/900_301996/kreuzspaltkeil-f-8-u-6-t-hsp.pdf,,cross knife for 6to/8to,,Log Splitter Accessory,en,Log Splitters,,ics-gmbh.com,https://assets.einhell.com/im/imf/800/900_223837/,Instructions,https://www.isc-gmbh.info/isc_de_en/accessories/stationary-tools-accessories/log-splitters/cross-knife-for-6to-8to.html,
,Einhell,,https://assets.einhell.com/manuals-pdf/900_351186/dsr-250-dl-schrauber.pdf,,DSR 250 Pneumatic Wrench,,Air Compressor Accessory,en,Air Compressors,,ics-gmbh.com,https://assets.einhell.com/im/imf/800/900_351644/,Instructions,https://www.isc-gmbh.info/isc_de_en/accessories/stationary-tools-accessories/air-compressors/dsr-250-pneumatic-wrench.html,
,Pattfield,,https://assets.einhell.com/manuals-pdf/900_396979/pe-power-x-charger-18v.pdf,,PE-Power-X-Charger 18V,,Charger,en,Home,,ics-gmbh.com,https://assets.einhell.com/im/imf/800/900_397046/,Instructions,https://www.isc-gmbh.info/isc_de_en/pe-power-x-charger-18v.html,
,Ozito,,"https://assets.einhell.com/manuals-pdf/900_413195/pxbc-004u%3B-ex%3B-uk.pdf,https://assets.einhell.com/manuals-pdf/900_413197/pxbc-004u%3B-ex%3B-uk.pdf,https://assets.einhell.com/manuals-pdf/900_413196/pxbc-004u%3B-ex%3B-uk.pdf",,PXBC-004U; EX; UK,,PXC-Starter-Kit,en,Power X-Change,,ics-gmbh.com,https://assets.einhell.com/im/imf/800/900_347067/,Instructions,https://www.isc-gmbh.info/isc_de_en/accessories/garden-accessories/power-x-change/pxbc-004u-ex-uk.html,
,Ozito,,"https://assets.einhell.com/manuals-pdf/900_414001/pxcg-120u%3B-ex%3B-uk.pdf,https://assets.einhell.com/manuals-pdf/900_414004/pxcg-120u%3B-ex%3B-uk.pdf",,PXCG-120U; EX; UK,,Charger,en,Home,,ics-gmbh.com,https://assets.einhell.com/im/imf/800/900_347067/,Instructions,https://www.isc-gmbh.info/isc_de_en/pxcg-120u-ex-uk-2.html,
,Ozito,,"https://assets.einhell.com/manuals-pdf/900_414005/pxbc-007u%3B-ex%3B-uk.pdf,https://assets.einhell.com/manuals-pdf/900_414006/pxbc-007u%3B-ex%3B-uk.pdf,https://assets.einhell.com/manuals-pdf/900_414007/pxbc-007u%3B-ex%3B-uk.pdf,https://assets.einhell.com/manuals-pdf/900_414009/pxbc-007u%3B-ex%3B-uk.pdf",,PXBC-007U; EX; UK,,PXC-Starter-Kit,en,Power X-Change,,ics-gmbh.com,https://assets.einhell.com/im/imf/800/900_347067/,Instructions,https://www.isc-gmbh.info/isc_de_en/accessories/garden-accessories/power-x-change/pxbc-007u-ex-uk.html,
,Einhell Accessory,,https://assets.einhell.com/manuals-pdf/900_464247/18v-charger%3B-bivolt%3B-ex%3B-br.pdf,,18V Charger; Bivolt; EX; BR,,Charger,en,Home,,ics-gmbh.com,https://assets.einhell.com/im/imf/800/900_406411/,Instructions,https://www.isc-gmbh.info/isc_de_en/18v-charger-bivolt-ex-br.html,
,Ozito,,"https://assets.einhell.com/manuals-pdf/900_401857/pxcg-030u%3B-ex%3B-uk.pdf,https://assets.einhell.com/manuals-pdf/900_401858/pxcg-030u%3B-ex%3B-uk.pdf",,PXCG-030U; EX; UK,,Charger,en,PXCG-120U; EX; UK,,ics-gmbh.com,https://assets.einhell.com/im/imf/800/900_347067/,Instructions,https://www.isc-gmbh.info/isc_de_en/pxcg-030u-ex-uk.html,
,Einhell Grey,,https://assets.einhell.com/manuals-pdf/900_401474/e-stand%3B-ex%3B-br.pdf,,E-Stand; EX; BR,,Stationary Saw Accessory,en,Bench Top Saws,,ics-gmbh.com,https://assets.einhell.com/im/imf/800/900_402020/,Instructions,https://www.isc-gmbh.info/isc_de_en/accessories/stationary-tools-accessories/bench-top-saws/e-stand-ex-br.html,
,Einhell Grey,,"https://assets.einhell.com/manuals-pdf/900_194319/untergestell-f%C3%BCr-rt-ud-1825.pdf,https://assets.einhell.com/manuals-pdf/900_196256/untergestell-f%C3%BCr-rt-ud-1825.pdf,https://assets.einhell.com/manuals-pdf/900_196253/untergestell-f%C3%BCr-rt-ud-1825.pdf,https://assets.einhell.com/manuals-pdf/900_196255/untergestell-f%C3%BCr-rt-ud-1825.pdf,https://assets.einhell.com/manuals-pdf/900_196254/untergestell-f%C3%BCr-rt-ud-1825.pdf",,Untergestell f√ºr RT-UD 1825,,Stationary Saw Accessory,en,Bench Top Saws,,ics-gmbh.com,https://assets.einhell.com/im/imf/800/900_184377/,Instructions,https://www.isc-gmbh.info/isc_de_en/accessories/stationary-tools-accessories/bench-top-saws/untergestell-fuer-rt-ud-1825-1.html,
,Einhell,,https://assets.einhell.com/manuals-pdf/900_367102/punkt-sandstrahlpistole.pdf,,PUNKT-SANDSTRAHLPISTOLE,,Air Compressor Accessory,en,Air Compressors,,ics-gmbh.com,https://assets.einhell.com/im/imf/800/900_347067/,Instructions,https://www.isc-gmbh.info/isc_de_en/accessories/stationary-tools-accessories/air-compressors/punkt-sandstrahlpistole.html,
,Einhell Grey,,https://assets.einhell.com/manuals-pdf/900_434000/druckluftset-3-tlg-f-kit.pdf,,Druckluftset 3-tlg f. Kit,,Air Compressor Accessory,en,Home,,ics-gmbh.com,https://assets.einhell.com/im/imf/800/900_347067/,Instructions,https://www.isc-gmbh.info/isc_de_en/druckluftset-3-tlg-f-kit.html,
,Einhell Grey,,"https://assets.einhell.com/manuals-pdf/900_300854/spr%C3%BChpistole.pdf,https://assets.einhell.com/manuals-pdf/900_300857/spr%C3%BChpistole.pdf,https://assets.einhell.com/manuals-pdf/900_300855/spr%C3%BChpistole.pdf,https://assets.einhell.com/manuals-pdf/900_300858/spr%C3%BChpistole.pdf,https://assets.einhell.com/manuals-pdf/900_300856/spr%C3%BChpistole.pdf",,Spray gun,,Air Compressor Accessory,en,Air Compressors,,ics-gmbh.com,https://assets.einhell.com/im/imf/800/900_223523/,Instructions,https://www.isc-gmbh.info/isc_de_en/accessories/stationary-tools-accessories/air-compressors/spray-gun.html,
,Einhell Grey,,"https://assets.einhell.com/manuals-pdf/900_303860/druckluftset-3-tlg-for-kit.pdf,https://assets.einhell.com/manuals-pdf/900_303863/druckluftset-3-tlg-for-kit.pdf,https://assets.einhell.com/manuals-pdf/900_303862/druckluftset-3-tlg-for-kit.pdf,https://assets.einhell.com/manuals-pdf/900_303861/druckluftset-3-tlg-for-kit.pdf,https://assets.einhell.com/manuals-pdf/900_303864/druckluftset-3-tlg-for-kit.pdf",,Druckluftset 3-tlg. for kit,,Air Compressor Accessory,en,Air Compressors,,ics-gmbh.com,https://assets.einhell.com/im/imf/800/900_347067/,Instructions,https://www.isc-gmbh.info/isc_de_en/accessories/stationary-tools-accessories/air-compressors/druckluftset-3-tlg-for-kit.html,
,Einhell Grey,,"https://assets.einhell.com/manuals-pdf/900_301325/farbspritzpistole%2C-saugbecher.pdf,https://assets.einhell.com/manuals-pdf/900_301327/farbspritzpistole%2C-saugbecher.pdf,https://assets.einhell.com/manuals-pdf/900_301323/farbspritzpistole%2C-saugbecher.pdf,https://assets.einhell.com/manuals-pdf/900_301324/farbspritzpistole%2C-saugbecher.pdf,https://assets.einhell.com/manuals-pdf/900_301326/farbspritzpistole%2C-saugbecher.pdf",,Suction spray gun,,Air Compressor Accessory,en,Air Compressors,,ics-gmbh.com,https://assets.einhell.com/im/imf/800/900_223894/,Instructions,https://www.isc-gmbh.info/isc_de_en/accessories/stationary-tools-accessories/air-compressors/suction-spray-gun.html,
,Einhell Grey,,"https://assets.einhell.com/manuals-pdf/900_303277/reifenf%C3%BCllmesser.pdf,https://assets.einhell.com/manuals-pdf/900_303276/reifenf%C3%BCllmesser.pdf,https://assets.einhell.com/manuals-pdf/900_303274/reifenf%C3%BCllmesser.pdf,https://assets.einhell.com/manuals-pdf/900_303273/reifenf%C3%BCllmesser.pdf,https://assets.einhell.com/manuals-pdf/900_303275/reifenf%C3%BCllmesser.pdf",,Tire pressure gauge,,Air Compressor Accessory,en,Air Compressors,,ics-gmbh.com,https://assets.einhell.com/im/imf/800/900_223627/,Instructions,https://www.isc-gmbh.info/isc_de_en/accessories/stationary-tools-accessories/air-compressors/tire-pressure-gauge-4.html,
,Einhell Grey,,"https://assets.einhell.com/manuals-pdf/900_303702/farbspritzpistole%2C-fl-becher.pdf,https://assets.einhell.com/manuals-pdf/900_303700/farbspritzpistole%2C-fl-becher.pdf,https://assets.einhell.com/manuals-pdf/900_303699/farbspritzpistole%2C-fl-becher.pdf,https://assets.einhell.com/manuals-pdf/900_303703/farbspritzpistole%2C-fl-becher.pdf,https://assets.einhell.com/manuals-pdf/900_303701/farbspritzpistole%2C-fl-becher.pdf",,Paint spray gun,,Air Compressor Accessory,en,Air Compressors,,ics-gmbh.com,https://assets.einhell.com/im/imf/800/900_223849/,Instructions,https://www.isc-gmbh.info/isc_de_en/accessories/stationary-tools-accessories/air-compressors/paint-spray-gun-4.html,
,Einhell Grey,,"https://assets.einhell.com/manuals-pdf/900_302334/strahlpistole%2C-saugbecher.pdf,https://assets.einhell.com/manuals-pdf/900_302337/strahlpistole%2C-saugbecher.pdf,https://assets.einhell.com/manuals-pdf/900_302335/strahlpistole%2C-saugbecher.pdf,https://assets.einhell.com/manuals-pdf/900_302336/strahlpistole%2C-saugbecher.pdf,https://assets.einhell.com/manuals-pdf/900_302333/strahlpistole%2C-saugbecher.pdf",,"Sand spray gun, suction can",,Air Compressor Accessory,en,Air Compressors,,ics-gmbh.com,https://assets.einhell.com/im/imf/800/900_223549/,Instructions,https://www.isc-gmbh.info/isc_de_en/accessories/stationary-tools-accessories/air-compressors/sand-spray-gun-suction-can-4.html,
,Einhell Grey,,"https://assets.einhell.com/manuals-pdf/900_301161/unterbodenschutzpistole.pdf,https://assets.einhell.com/manuals-pdf/900_301160/unterbodenschutzpistole.pdf,https://assets.einhell.com/manuals-pdf/900_301162/unterbodenschutzpistole.pdf,https://assets.einhell.com/manuals-pdf/900_301163/unterbodenschutzpistole.pdf,https://assets.einhell.com/manuals-pdf/900_301159/unterbodenschutzpistole.pdf",,Body under sealgun,,Air Compressor Accessory,en,Air Compressors,,ics-gmbh.com,https://assets.einhell.com/im/imf/800/900_223779/,Instructions,https://www.isc-gmbh.info/isc_de_en/accessories/stationary-tools-accessories/air-compressors/body-under-sealgun-4.html,
,Einhell Grey,,"https://assets.einhell.com/manuals-pdf/900_302810/dl-werkzeug-set%2C-3tlg-.pdf,https://assets.einhell.com/manuals-pdf/900_302812/dl-werkzeug-set%2C-3tlg-.pdf,https://assets.einhell.com/manuals-pdf/900_302811/dl-werkzeug-set%2C-3tlg-.pdf,https://assets.einhell.com/manuals-pdf/900_302814/dl-werkzeug-set%2C-3tlg-.pdf,https://assets.einhell.com/manuals-pdf/900_302813/dl-werkzeug-set%2C-3tlg-.pdf",,3pcs. accessory set,,Air Compressor Accessory,en,Air Compressors,,ics-gmbh.com,https://assets.einhell.com/im/imf/800/900_223841/,Instructions,https://www.isc-gmbh.info/isc_de_en/accessories/stationary-tools-accessories/air-compressors/3pcs-accessory-set.html,
,Yellow Garden Line NG,,https://assets.einhell.com/manuals-pdf/900_178325/stiel-f%C3%BCr-ygl-n-g-3%2C6.pdf,,"Shaft for YGL N.G. 3,6",,Grass Shear Accessory,en,Grass Shears,,ics-gmbh.com,https://assets.einhell.com/im/imf/800/900_3067/,Instructions,https://www.isc-gmbh.info/isc_de_en/shaft-for-ygl-n-g-3-6-1.html,
,Einhell Accessory,,https://assets.einhell.com/manuals-pdf/900_414759/heckenschere-f-ge-lc-18-li-t.pdf,,Heckenschere f. GE-LC 18 Li T,,Multifunctional Tool-GT Acces.,en,Home,,ics-gmbh.com,https://assets.einhell.com/im/imf/800/900_417503/,Instructions,https://www.isc-gmbh.info/isc_de_en/heckenschere-f-ge-lc-18-li-t.html,
,Gardol,,https://assets.einhell.com/manuals-pdf/900_423145/heckenschere-f-gats-e-20.pdf,,Heckenschere f. GATS-E 20,,Multifunctional Tool-GT Acces.,en,Ersatzfadenspule RG-ET 4530,,ics-gmbh.com,https://assets.einhell.com/im/imf/800/900_424550/,Instructions,https://www.isc-gmbh.info/isc_de_en/heckenschere-f-gats-e-20-1.html,
,Einhell Accessory,,https://assets.einhell.com/manuals-pdf/900_414861/hochentaster-f-ge-hh18-45li-t.pdf,,Pruner Unit f. GE-HH18/45Li T,,Multifunctional Tool-GT Acces.,en,Line spool for BG-PT 2643,,ics-gmbh.com,https://assets.einhell.com/im/imf/800/900_417509/,Instructions,https://www.isc-gmbh.info/isc_de_en/hochentaster-f-ge-hh18-45li-t.html,
,Florabest,,"https://assets.einhell.com/manuals-pdf/900_247055/fgpz-12-a1-%28lb4%29.pdf,https://assets.einhell.com/manuals-pdf/900_286567/fgpz-12-a1-%28lb4%29.pdf,https://assets.einhell.com/manuals-pdf/900_286568/fgpz-12-a1-%28lb4%29.pdf",,FGPZ 12 A1 (LB4),,Pump Accessory,en,Water Pumps,,ics-gmbh.com,https://assets.einhell.com/im/imf/800/900_347067/,Instructions,https://www.isc-gmbh.info/isc_de_en/accessories/garden-accessories/water-pumps/fgpz-12-a1-lb4-2.html,
,Florabest,,"https://assets.einhell.com/manuals-pdf/900_247266/fgpz-12-a1-%28lb5%29.pdf,https://assets.einhell.com/manuals-pdf/900_287052/fgpz-12-a1-%28lb5%29.pdf,https://assets.einhell.com/manuals-pdf/900_287053/fgpz-12-a1-%28lb5%29.pdf",,FGPZ 12 A1 (LB5),,Pump Accessory,en,Water Pumps,,ics-gmbh.com,https://assets.einhell.com/im/imf/800/900_347067/,Instructions,https://www.isc-gmbh.info/isc_de_en/accessories/garden-accessories/water-pumps/fgpz-12-a1-lb5-2.html,
,Florabest,,"https://assets.einhell.com/manuals-pdf/900_246948/fgpz-12-a1-%28lb2%29.pdf,https://assets.einhell.com/manuals-pdf/900_286325/fgpz-12-a1-%28lb2%29.pdf,https://assets.einhell.com/manuals-pdf/900_286326/fgpz-12-a1-%28lb2%29.pdf",,FGPZ 12 A1 (LB2),,Pump Accessory,en,Water Pumps,,ics-gmbh.com,https://assets.einhell.com/im/imf/800/900_347067/,Instructions,https://www.isc-gmbh.info/isc_de_en/accessories/garden-accessories/water-pumps/fgpz-12-a1-lb2-2.html,
,Einhell Expert Plus,,https://assets.einhell.com/manuals-pdf/900_401041/te-cp-18-li-usb-solo%3B-ex%3B-arg.pdf,,TE-CP 18 Li USB-Solo; EX; ARG,,USB Power Bank,en,Home,,ics-gmbh.com,https://assets.einhell.com/im/imf/800/900_400612/,Instructions,https://www.isc-gmbh.info/isc_de_en/te-cp-18-li-usb-solo-ex-arg.html,
,No Name,,https://assets.einhell.com/manuals-pdf/900_444077/dust-adapter-tc-mg-18-li.pdf,,Dust Adapter TC-MG 18 Li,,Multifunctional Tool Accessory,en,Home,,ics-gmbh.com,https://assets.einhell.com/im/imf/800/900_347067/,Instructions,https://www.isc-gmbh.info/isc_de_en/dust-adapter-tc-mg-18-li.html,
,No Name,,https://assets.einhell.com/manuals-pdf/900_433489/dust-adapter-te-mg-18-li.pdf,,Dust Adapter TE-MG 18 Li,,Multifunctional Tool Accessory,en,Home,,ics-gmbh.com,https://assets.einhell.com/im/imf/800/900_528347/,Instructions,https://www.isc-gmbh.info/isc_de_en/-1867.html,
,Einhell,,"https://assets.einhell.com/manuals-pdf/900_248709/fs-12-ak-fr%C3%A4sersatz.pdf,https://assets.einhell.com/manuals-pdf/900_248712/fs-12-ak-fr%C3%A4sersatz.pdf,https://assets.einhell.com/manuals-pdf/900_248713/fs-12-ak-fr%C3%A4sersatz.pdf,https://assets.einhell.com/manuals-pdf/900_248708/fs-12-ak-fr%C3%A4sersatz.pdf,https://assets.einhell.com/manuals-pdf/900_248711/fs-12-ak-fr%C3%A4sersatz.pdf,https://assets.einhell.com/manuals-pdf/900_248710/fs-12-ak-fr%C3%A4sersatz.pdf",,FS 12 AK,,Router Accessory,en,Millers,,ics-gmbh.com,https://assets.einhell.com/im/imf/800/900_262616/,Instructions,https://www.isc-gmbh.info/isc_de_en/accessories/tools-accessories/millers/fs-12-ak.html,
,Einhell Car Classic,,https://assets.einhell.com/manuals-pdf/900_397491/cc-js-18.pdf,,CC-JS 18,,Jump-Start - Power Bank,en,Energy Stations,,ics-gmbh.com,https://assets.einhell.com/im/imf/800/900_397234/,Instructions,https://www.isc-gmbh.info/isc_de_en/spareparts/cleaning-car-accessories/energy-stations/cc-js-18-2.html,
,Einhell Car Classic,,https://assets.einhell.com/manuals-pdf/900_397485/cc-js-8.pdf,,CC-JS 8,,Jump-Start - Power Bank,en,Energy Stations,,ics-gmbh.com,https://assets.einhell.com/im/imf/800/900_397176/,Instructions,https://www.isc-gmbh.info/isc_de_en/spareparts/cleaning-car-accessories/energy-stations/cc-js-8-2.html,
,Einhell Car Classic,,https://assets.einhell.com/manuals-pdf/900_397497/cc-js-12.pdf,,CC-JS 12,,Jump-Start - Power Bank,en,Energy Stations,,ics-gmbh.com,https://assets.einhell.com/im/imf/800/900_397203/,Instructions,https://www.isc-gmbh.info/isc_de_en/spareparts/cleaning-car-accessories/energy-stations/cc-js-12-2.html,
,Alpha Tools,,https://assets.einhell.com/manuals-pdf/900_363045/a-es-1700-1.pdf,,A-ES 1700/1,,Energy Station,en,Energy Stations,,ics-gmbh.com,https://assets.einhell.com/im/imf/800/900_305417/,Instructions,https://www.isc-gmbh.info/isc_de_en/spareparts/cleaning-car-accessories/energy-stations/a-es-1700-1-2.html,
,Alpha Tools,,https://assets.einhell.com/manuals-pdf/900_177524/a-es-1000.pdf,,A-ES 1000,,Energy Station,en,Energy Stations,,ics-gmbh.com,https://assets.einhell.com/im/imf/800/900_2405/,Instructions,https://www.isc-gmbh.info/isc_de_en/spareparts/cleaning-car-accessories/energy-stations/a-es-1000-2.html,
,Alpha Tools,,https://assets.einhell.com/manuals-pdf/900_363044/a-es-1000-1.pdf,,A-ES 1000/1,,Energy Station,en,Energy Stations,,ics-gmbh.com,https://assets.einhell.com/im/imf/800/900_262508/,Instructions,https://www.isc-gmbh.info/isc_de_en/spareparts/cleaning-car-accessories/energy-stations/a-es-1000-1-2.html,
,Alpha Tools,,https://assets.einhell.com/manuals-pdf/900_177523/a-es-700.pdf,,A-ES 700,,Energy Station,en,Energy Stations,,ics-gmbh.com,https://assets.einhell.com/im/imf/800/900_2404/,Instructions,https://www.isc-gmbh.info/isc_de_en/spareparts/cleaning-car-accessories/energy-stations/a-es-700-2.html,
